,time,sea_level_altitude
0,1992.8262,15.09
1,1992.8502,25.39
2,1992.8788,31.99
3,1992.9056,31.99
4,1992.9307,27.99
5,1992.9621,2.49
6,1992.9873,-4.71
7,1993.0129,-17.31
8,1993.0412,-9.91
9,1993.0644,-35.41
10,1993.0978,-35.51
11,1993.1213,-38.61
12,1993.1501,-50.11
13,1993.1772,-64.41
14,1993.2042,-61.81
15,1993.2315,-80.31
16,1993.2856,-60.71
17,1993.313,-68.41
18,1993.34,-71.91
19,1993.3673,-62.41
20,1993.3944,-56.31
21,1993.4215,-61.51
22,1993.4486,-44.61
23,1993.4744,-48.31
24,1993.503,-33.01
25,1993.5301,-23.31
26,1993.5844,-0.51
27,1993.6121,6.49
28,1993.6389,21.39
29,1993.666,17.89
30,1993.6929,27.39
31,1993.7196,41.89
32,1993.7471,39.39
33,1993.7744,44.69
34,1993.8016,34.99
35,1993.8559,33.89
36,1993.8829,23.29
37,1993.9102,28.99
38,1993.9372,15.49
39,1993.9645,1.09
40,1993.9912,0.99
41,1994.0187,-21.91
42,1994.0455,-30.71
43,1994.0728,-44.61
44,1994.1001,-44.31
45,1994.1273,-44.61
46,1994.1545,-55.61
47,1994.1817,-58.11
48,1994.2358,-68.01
49,1994.2632,-60.91
50,1994.2902,-75.91
51,1994.3175,-66.51
52,1994.3444,-54.11
53,1994.3717,-48.31
54,1994.3989,-44.31
55,1994.426,-49.01
56,1994.4531,-42.61
57,1994.5074,-14.31
58,1994.5345,-25.31
59,1994.5617,-17.91
60,1994.5889,13.49
61,1994.616,17.29
62,1994.6432,19.79
63,1994.6704,31.59
64,1994.6974,44.49
65,1994.7246,45.59
66,1994.7515,52.29
67,1994.7787,47.09
68,1994.8063,38.59
69,1994.8332,32.49
70,1994.8876,37.49
71,1994.9146,31.69
72,1994.9419,26.29
73,1994.969,7.19
74,1994.9963,-3.61
75,1995.0234,-13.61
76,1995.0502,-19.11
77,1995.0771,-34.41
78,1995.1043,-38.41
79,1995.1316,-34.21
80,1995.1587,-22.11
81,1995.2132,-54.81
82,1995.2406,-54.31
83,1995.2675,-42.21
84,1995.2947,-45.41
85,1995.3219,-50.21
86,1995.3762,-31.21
87,1995.4034,-28.71
88,1995.4304,-37.51
89,1995.4576,-32.61
90,1995.4847,-33.31
91,1995.5391,1.49
92,1995.5662,2.59
93,1995.5933,14.89
94,1995.6205,42.89
95,1995.6477,42.79
96,1995.6746,46.79
97,1995.7019,47.79
98,1995.7291,57.79
99,1995.7563,61.39
100,1995.7835,59.89
101,1995.8377,41.99
102,1995.8648,43.59
103,1995.8904,33.99
104,1995.9462,21.09
105,1995.9735,8.19
106,1996.0006,-12.81
107,1996.0277,-12.41
108,1996.0544,-27.81
109,1996.0817,-39.41
110,1996.1091,-42.41
111,1996.1637,-44.01
112,1996.1903,-49.21
113,1996.217,-62.61
114,1996.2449,-73.51
115,1996.2719,-60.21
116,1996.2993,-67.51
117,1996.3263,-54.71
118,1996.3537,-57.41
119,1996.3807,-51.61
120,1996.4077,-38.01
121,1996.4348,-46.81
122,1996.4892,-37.51
123,1996.5164,-6.61
124,1996.5435,9.89
125,1996.5707,18.89
126,1996.598,7.99
127,1996.6251,22.09
128,1996.6521,33.99
129,1996.6793,50.19
130,1996.7057,44.79
131,1996.7338,49.79
132,1996.7607,56.89
133,1996.8151,58.39
134,1996.8422,55.09
135,1996.8691,55.39
136,1996.8965,29.79
137,1996.9236,19.19
138,1996.9509,16.49
139,1996.9773,8.49
140,1997.005,0.19
141,1997.0324,11.69
142,1997.0592,6.19
143,1997.0863,-20.71
144,1997.141,-44.61
145,1997.1676,-42.11
146,1997.1951,-27.01
147,1997.2222,-46.51
148,1997.2493,-63.41
149,1997.2765,-61.21
150,1997.3037,-54.51
151,1997.3309,-44.81
152,1997.3579,-40.61
153,1997.3852,-39.91
154,1997.4121,-36.31
155,1997.4664,-28.91
156,1997.4937,-17.91
157,1997.5207,-16.01
158,1997.548,-11.51
159,1997.5752,2.69
160,1997.6294,20.39
161,1997.6567,35.99
162,1997.6835,50.19
163,1997.7109,46.69
164,1997.7381,47.69
165,1997.7923,61.79
166,1997.8194,52.79
167,1997.8466,46.69
168,1997.8737,42.89
169,1997.9009,21.89
170,1997.9279,8.99
171,1997.955,2.19
172,1997.9823,1.79
173,1998.0097,3.49
174,1998.0369,2.39
175,1998.091,-37.21
176,1998.1181,-27.01
177,1998.1452,-31.11
178,1998.1723,-36.01
179,1998.1994,-41.81
180,1998.2266,-61.51
181,1998.254,-40.11
182,1998.2811,-48.01
183,1998.3081,-53.61
184,1998.3353,-44.01
185,1998.3625,-34.81
186,1998.4165,-38.71
187,1998.4439,-35.51
188,1998.4711,-16.81
189,1998.4982,-2.41
190,1998.5253,16.69
191,1998.5525,31.99
192,1998.6068,26.59
193,1998.634,36.79
194,1998.661,53.59
195,1998.6881,66.69
196,1998.7153,72.39
197,1998.7425,55.89
198,1998.7694,61.19
199,1998.824,77.39
200,1998.851,62.89
201,1998.8782,42.09
202,1998.9052,38.59
203,1998.9324,26.39
204,1998.9599,40.59
205,1998.9867,36.39
206,1999.0142,19.39
207,1999.0411,0.79
208,1999.0955,1.49
209,1999.1255,-13.71
210,1999.1496,-13.81
211,1999.1767,-34.51
212,1999.2042,-36.41
213,1999.231,-64.21
214,1999.2585,-48.01
215,1999.2852,-34.21
216,1999.3396,-37.11
217,1999.3669,-44.61
218,1999.3939,-38.81
219,1999.4212,-15.51
220,1999.4483,-16.01
221,1999.4755,-12.01
222,1999.5026,-0.11
223,1999.5298,16.59
224,1999.557,24.39
225,1999.5842,35.69
226,1999.6113,37.99
227,1999.6383,50.29
228,1999.6926,63.29
229,1999.7197,70.59
230,1999.7466,79.29
231,1999.7741,57.79
232,1999.8011,64.79
233,1999.8285,57.69
234,1999.8556,66.39
235,1999.8828,55.49
236,1999.9087,47.39
237,1999.9642,21.19
238,1999.9912,20.59
239,2000.0184,38.69
240,2000.0455,16.89
241,2000.0727,4.29
242,2000.0996,1.19
243,2000.1273,3.49
244,2000.1542,-22.41
245,2000.1814,-29.71
246,2000.2084,-40.31
247,2000.2356,-41.81
248,2000.2898,-28.31
249,2000.3172,-31.21
250,2000.3443,-30.81
251,2000.3714,-16.71
252,2000.3985,-12.41
253,2000.4256,-16.11
254,2000.4529,-3.11
255,2000.4799,-3.71
256,2000.5072,2.79
257,2000.5342,11.89
258,2000.5886,36.49
259,2000.6157,38.29
260,2000.6428,44.59
261,2000.6699,46.79
262,2000.6972,66.19
263,2000.7239,70.99
264,2000.7514,70.29
265,2000.7786,52.49
266,2000.8057,74.19
267,2000.8601,58.69
268,2000.8862,52.89
269,2000.915,39.59
270,2000.9415,28.29
271,2000.9686,19.29
272,2000.9956,13.39
273,2001.0228,7.29
274,2001.0776,-5.01
275,2001.1046,-21.01
276,2001.1313,-24.71
277,2001.1587,-39.41
278,2001.1858,-44.51
279,2001.2129,-62.01
280,2001.2402,-66.11
281,2001.2673,-64.91
282,2001.2945,-55.01
283,2001.3215,-52.01
284,2001.3487,-43.41
285,2001.3759,-44.11
286,2001.403,-47.41
287,2001.4302,-39.61
288,2001.4572,-28.41
289,2001.4846,-16.51
290,2001.5117,-5.21
291,2001.5387,1.89
292,2001.566,17.89
293,2001.593,19.69
294,2001.6202,15.09
295,2001.6473,40.39
296,2001.6744,55.69
297,2001.7016,60.99
298,2001.7288,68.19
299,2001.7559,58.79
300,2001.7832,63.49
301,2001.8103,69.79
302,2001.8374,76.49
303,2001.8646,56.39
304,2001.8922,32.39
305,2001.9189,27.59
306,2001.9567,10.29
307,2001.9732,18.39
308,2002.0001,11.59
309,2002.0265,2.09
310,2002.0538,-6.49
311,2002.0541,-5.91
312,2002.0817,-1.51
313,2002.0823,3.81
314,2002.1089,-8.05
315,2002.1359,-14.350000000000001
316,2002.1632,-14.51
317,2002.1633,-17.99
318,2002.1902,-50.41
319,2002.1907,-49.69
320,2002.2175,-57.29
321,2002.2176,-55.91
322,2002.2446,-65.25
323,2002.2717,-44.05
324,2002.2991,-40.89
325,2002.3,-44.91
326,2002.3261,-30.700000000000003
327,2002.3532,-56.31
328,2002.3533,-47.99
329,2002.3803,-31.949999999999996
330,2002.4074,-27.71
331,2002.4075,-24.89
332,2002.4345,-26.31
333,2002.4346,-22.99
334,2002.4618,-22.69
335,2002.462,-24.61
336,2002.489,-39.0
337,2002.5161,-8.19
338,2002.5433,22.7
339,2002.5702,30.09
340,2002.5704,31.41
341,2002.5974,28.09
342,2002.5976,36.41
343,2002.6246,40.51
344,2002.6248,31.59
345,2002.652,56.21
346,2002.6547,59.29
347,2002.6789,60.49
348,2002.679,65.51
349,2002.7061,74.91
350,2002.7066,76.69
351,2002.7331,63.59
352,2002.7333,69.81
353,2002.7603,58.69
354,2002.7605,58.61
355,2002.7863,71.79
356,2002.7874,80.51
357,2002.8148,54.91
358,2002.8149,54.99
359,2002.8417,50.150000000000006
360,2002.8686,36.69
361,2002.869,34.41
362,2002.895,28.61
363,2002.8978,29.69
364,2002.9232,35.2
365,2002.9503,25.99
366,2002.9505,24.91
367,2002.9772,5.89
368,2002.9773,14.61
369,2003.0043,-1.21
370,2003.0048,2.81
371,2003.0318,-3.89
372,2003.0319,-12.81
373,2003.0591,-6.21
374,2003.0594,-4.19
375,2003.0861,-26.61
376,2003.0863,-22.79
377,2003.1129,-25.21
378,2003.1131,-18.69
379,2003.1404,-25.71
380,2003.1406,-26.39
381,2003.1673,-25.01
382,2003.1677,-37.69
383,2003.1951,-30.31
384,2003.1953,-34.09
385,2003.2218,-28.71
386,2003.2219,-36.79
387,2003.2488,-42.51
388,2003.2491,-43.19
389,2003.2759,-43.51
390,2003.2809,-50.49
391,2003.3032,-49.71
392,2003.3034,-52.99
393,2003.33,-33.71
394,2003.3305,-29.29
395,2003.3576,-26.59
396,2003.3577,-22.91
397,2003.3845,-35.51
398,2003.3848,-32.19
399,2003.4117,-19.01
400,2003.4121,-19.89
401,2003.4385,-16.91
402,2003.4391,-22.89
403,2003.4662,-6.19
404,2003.4663,-5.01
405,2003.4933,2.15
406,2003.5207,6.51
407,2003.5472,16.49
408,2003.5476,19.01
409,2003.5748,23.11
410,2003.5822,31.19
411,2003.6019,50.49
412,2003.6021,49.51
413,2003.6288,53.99
414,2003.6293,49.41
415,2003.6559,47.19
416,2003.6562,48.01
417,2003.6834,66.31
418,2003.6835,62.69
419,2003.7104,65.59
420,2003.7106,78.81
421,2003.7375,71.69
422,2003.7378,81.11
423,2003.7648,62.99
424,2003.7649,67.51
425,2003.7919,62.29
426,2003.7921,64.41
427,2003.8192,68.95
428,2003.846,84.39
429,2003.8464,73.21
430,2003.8712,64.21
431,2003.8734,59.49
432,2003.9113,35.61
433,2003.9119,19.69
434,2003.9209,29.29
435,2003.9277,38.11
436,2003.9547,34.89
437,2003.9549,38.61
438,2003.9817,19.19
439,2003.9821,19.01
440,2004.0091,0.75
441,2004.036,10.19
442,2004.0363,20.01
443,2004.063,-4.01
444,2004.0634,2.61
445,2004.0908,-16.2
446,2004.1136,-26.89
447,2004.1178,-26.81
448,2004.1447,-31.51
449,2004.1491,-23.29
450,2004.1718,-47.91
451,2004.1722,-39.69
452,2004.1992,-36.91
453,2004.1993,-29.79
454,2004.2262,-22.41
455,2004.2263,-18.59
456,2004.2523,-44.09
457,2004.2534,-45.91
458,2004.2803,-61.41
459,2004.2808,-50.69
460,2004.3078,-52.21
461,2004.308,-48.69
462,2004.3349,-30.21
463,2004.335,-30.69
464,2004.3619,-29.21
465,2004.3622,-29.09
466,2004.3888,-29.51
467,2004.3892,-30.39
468,2004.4164,-25.79
469,2004.4436,-13.79
470,2004.4706,-0.71
471,2004.4708,-10.89
472,2004.4976,-5.91
473,2004.498,2.41
474,2004.5224,-13.81
475,2004.525,-2.69
476,2004.5523,8.21
477,2004.5529,14.89
478,2004.5773,19.19
479,2004.5795,25.01
480,2004.6062,30.79
481,2004.6066,41.71
482,2004.6338,40.25
483,2004.6607,45.61
484,2004.6608,42.69
485,2004.6876,60.99
486,2004.688,67.81
487,2004.7148,73.19
488,2004.715,79.41
489,2004.7422,71.91
490,2004.7425,67.19
491,2004.7691,81.09
492,2004.7694,85.11
493,2004.7962,61.89
494,2004.7965,72.11
495,2004.8237,51.900000000000006
496,2004.8503,60.39
497,2004.8509,63.31
498,2004.8778,48.69
499,2004.8779,57.11
500,2004.905,33.99
501,2004.9052,42.41
502,2004.9321,31.19
503,2004.9322,38.01
504,2004.9542,29.39
505,2004.9595,33.51
506,2004.9861,22.59
507,2004.9865,32.71
508,2005.0136,17.29
509,2005.0137,27.01
510,2005.0404,28.49
511,2005.0405,44.21
512,2005.0679,10.0
513,2005.0949,-17.19
514,2005.095,-14.01
515,2005.1222,-19.11
516,2005.1225,-20.39
517,2005.1489,-37.51
518,2005.1496,-33.19
519,2005.1761,-42.71
520,2005.1762,-36.19
521,2005.2039,-38.29
522,2005.204,-44.01
523,2005.2304,-24.29
524,2005.2308,-29.71
525,2005.2579,-45.31
526,2005.2581,-36.09
527,2005.2849,-39.8
528,2005.3102,-39.11
529,2005.3124,-28.29
530,2005.3393,-21.59
531,2005.3397,-35.71
532,2005.3665,-41.19
533,2005.3666,-52.11
534,2005.3937,-44.51
535,2005.3938,-34.49
536,2005.4206,-26.51
537,2005.4211,-22.99
538,2005.4477,-8.31
539,2005.448,-4.79
540,2005.4748,-4.81
541,2005.4751,0.31
542,2005.5023,3.99
543,2005.5024,7.91
544,2005.5296,25.81
545,2005.5299,19.79
546,2005.5564,21.69
547,2005.5567,28.41
548,2005.5834,21.49
549,2005.584,21.11
550,2005.6107,43.99
551,2005.6109,42.81
552,2005.6381,58.09
553,2005.6384,59.51
554,2005.6651,42.99
555,2005.6654,54.01
556,2005.6923,57.09
557,2005.6924,65.21
558,2005.7139,69.51
559,2005.7194,66.29
560,2005.7468,82.99
561,2005.7514,92.41
562,2005.7736,76.51
563,2005.801,54.51
564,2005.8281,63.81
565,2005.8554,73.51
566,2005.8824,41.81
567,2005.9096,43.81
568,2005.9367,47.31
569,2005.9639,25.71
570,2005.991,19.91
571,2006.0181,9.61
572,2006.0454,5.01
573,2006.0726,3.51
574,2006.0996,-3.09
575,2006.127,-11.09
576,2006.1538,-30.89
577,2006.181,-42.69
578,2006.2083,-44.89
579,2006.2354,-44.49
580,2006.2625,-36.49
581,2006.2897,-49.59
582,2006.3167,-46.19
583,2006.344,-29.59
584,2006.3712,-15.09
585,2006.3982,-5.69
586,2006.4254,-17.59
587,2006.4527,-9.59
588,2006.4796,12.71
589,2006.5069,13.11
590,2006.5339,18.21
591,2006.5612,32.21
592,2006.5883,43.91
593,2006.6155,32.71
594,2006.6426,50.81
595,2006.6699,68.41
596,2006.6969,78.81
597,2006.7242,74.41
598,2006.7512,84.91
599,2006.7781,83.11
600,2006.8055,76.11
601,2006.8244,77.41
602,2006.8894,43.21
603,2006.9144,44.41
604,2006.9408,36.11
605,2006.9684,30.71
606,2006.9954,26.31
607,2007.0223,15.21
608,2007.0497,8.71
609,2007.0769,-6.99
610,2007.1038,-26.69
611,2007.1305,-40.89
612,2007.1587,-33.69
613,2007.1853,-29.79
614,2007.2128,-32.69
615,2007.2399,-33.19
616,2007.2668,-33.29
617,2007.2941,-47.79
618,2007.3213,-46.49
619,2007.3484,-43.09
620,2007.3756,-23.79
621,2007.4028,-11.59
622,2007.4298,-7.19
623,2007.4571,-15.99
624,2007.4842,1.61
625,2007.5115,10.71
626,2007.5384,22.91
627,2007.5655,23.41
628,2007.5929,34.51
629,2007.6201,37.81
630,2007.6473,45.11
631,2007.6743,60.91
632,2007.7014,58.31
633,2007.7285,73.81
634,2007.7558,92.31
635,2007.7829,82.01
636,2007.81,70.21
637,2007.8371,62.41
638,2007.8643,34.11
639,2007.8914,48.91
640,2007.9185,48.21
641,2007.9456,40.81
642,2007.9729,20.71
643,2007.9998,10.81
644,2008.0271,9.21
645,2008.0541,9.41
646,2008.0815,2.61
647,2008.1085,-13.89
648,2008.1356,-16.19
649,2008.1629,-26.79
650,2008.1899,-29.89
651,2008.2172,-38.79
652,2008.2444,-36.79
653,2008.2716,-37.59
654,2008.2987,-24.59
655,2008.3258,-20.19
656,2008.3466,-23.29
657,2008.3801,-19.99
658,2008.4071,-16.39
659,2008.4344,-12.49
660,2008.4615,6.11
661,2008.4887,21.31
662,2008.5158,25.31
663,2008.5185,24.29
664,2008.5429,31.61
665,2008.5431,36.99
666,2008.5701,39.29
667,2008.5702,30.21
668,2008.5923,30.01
669,2008.5972,35.89
670,2008.6243,52.69
671,2008.6369,73.41
672,2008.6512,52.79
673,2008.6515,43.11
674,2008.6787,62.95
675,2008.7058,74.65
676,2008.733,80.55
677,2008.7601,72.4
678,2008.7872,77.19
679,2008.7873,77.71
680,2008.8145,80.19999999999999
681,2008.8416,66.2
682,2008.8687,73.65
683,2008.8958,72.71
684,2008.8959,68.79
685,2008.923,40.3
686,2008.95,40.05
687,2008.9775,32.3
688,2009.0045,12.2
689,2009.0312,4.31
690,2009.0317,0.69
691,2009.0592,12.31
692,2009.0593,10.69
693,2009.0856,-4.81
694,2009.1132,-11.31
695,2009.1269,-9.29
696,2009.1402,-17.71
697,2009.1537,-16.99
698,2009.1672,-17.61
699,2009.1808,-22.59
700,2009.1944,-20.61
701,2009.2077,-26.99
702,2009.2216,-21.91
703,2009.2352,-32.39
704,2009.2487,-34.21
705,2009.2623,-40.29
706,2009.2759,-30.41
707,2009.2894,-27.39
708,2009.3032,-20.61
709,2009.3165,-17.39
710,2009.3303,-16.51
711,2009.3436,-15.89
712,2009.3572,-4.71
713,2009.3709,-2.19
714,2009.3846,-7.01
715,2009.3979,-4.49
716,2009.4114,-8.41
717,2009.4251,0.31
718,2009.4388,13.69
719,2009.4522,9.51
720,2009.4658,10.39
721,2009.4794,10.41
722,2009.4933,24.99
723,2009.5067,31.41
724,2009.5204,34.49
725,2009.5339,26.01
726,2009.5474,36.79
727,2009.5608,29.01
728,2009.5746,28.29
729,2009.5881,32.61
730,2009.6017,53.39
731,2009.6151,53.71
732,2009.629,74.49
733,2009.6423,68.11
734,2009.6562,73.59
735,2009.6695,71.61
736,2009.6831,71.79
737,2009.6951,78.51
738,2009.7102,78.79
739,2009.7359,86.91
740,2009.7375,76.89
741,2009.7509,69.21
742,2009.7647,80.29
743,2009.7781,77.31
744,2009.7916,79.49
745,2009.8052,77.91
746,2009.8187,83.99
747,2009.8323,81.61
748,2009.8461,70.49
749,2009.8595,57.01
750,2009.8732,46.49
751,2009.8865,53.91
752,2009.9004,53.09
753,2009.9137,44.61
754,2009.9272,45.09
755,2009.9409,49.71
756,2009.9545,35.89
757,2009.968,30.31
758,2009.9818,21.69
759,2009.9953,18.31
760,2010.0091,2.39
761,2010.0223,-3.39
762,2010.0361,-21.71
763,2010.0494,-9.19
764,2010.0633,-15.11
765,2010.0766,-19.69
766,2010.0899,-32.31
767,2010.1039,-40.59
768,2010.1174,-49.71
769,2010.1311,-39.99
770,2010.1446,-46.41
771,2010.1581,-46.39
772,2010.1719,-52.11
773,2010.1852,-54.09
774,2010.1989,-55.51
775,2010.2125,-51.49
776,2010.2261,-50.01
777,2010.2395,-41.49
778,2010.2532,-62.51
779,2010.2667,-57.59
780,2010.2805,-53.01
781,2010.2938,-51.19
782,2010.3075,-58.21
783,2010.3211,-44.89
784,2010.3347,-43.41
785,2010.3482,-37.09
786,2010.3617,-49.11
787,2010.3753,-43.69
788,2010.3889,-39.91
789,2010.4026,-33.69
790,2010.4162,-21.21
791,2010.4287,-17.79
792,2010.4434,-3.01
793,2010.4568,-5.99
794,2010.4705,2.49
795,2010.4839,-11.29
796,2010.4977,4.29
797,2010.511,2.21
798,2010.5249,17.99
799,2010.5384,20.21
800,2010.5519,21.49
801,2010.5646,14.51
802,2010.579,21.09
803,2010.5925,20.81
804,2010.6061,42.99
805,2010.6198,40.01
806,2010.6333,48.19
807,2010.6467,50.31
808,2010.6605,67.69
809,2010.6738,66.81
810,2010.6878,77.99
811,2010.7011,77.91
812,2010.7147,84.29
813,2010.7284,83.51
814,2010.742,76.09
815,2010.7554,65.01
816,2010.7692,68.69
817,2010.7827,77.01
818,2010.7962,77.39
819,2010.8098,66.81
820,2010.8233,50.49
821,2010.8369,40.51
822,2010.8502,38.19
823,2010.8641,56.61
824,2010.8777,48.69
825,2010.8912,42.81
826,2010.9049,34.89
827,2010.9183,20.81
828,2010.932,16.79
829,2010.9454,1.11
830,2010.9591,3.69
831,2010.9723,-0.49
832,2010.9864,-8.51
833,2010.9999,-7.29
834,2011.0134,-5.51
835,2011.0267,0.51
836,2011.0408,6.59
837,2011.054,-4.39
838,2011.0677,-28.71
839,2011.0809,-30.59
840,2011.0946,-26.71
841,2011.1077,-32.99
842,2011.1223,-27.51
843,2011.1357,-26.29
844,2011.1492,-27.21
845,2011.1625,-27.19
846,2011.1762,-33.81
847,2011.1896,-36.59
848,2011.2035,-56.11
849,2011.2169,-61.19
850,2011.2306,-61.41
851,2011.244,-63.09
852,2011.2577,-59.31
853,2011.271,-49.09
854,2011.2849,-46.61
855,2011.2983,-50.09
856,2011.312,-49.61
857,2011.3254,-41.79
858,2011.3393,-48.01
859,2011.3527,-45.29
860,2011.3663,-41.51
861,2011.3799,-39.89
862,2011.3935,-33.91
863,2011.407,-36.89
864,2011.4206,-24.11
865,2011.4339,-20.09
866,2011.4478,-11.21
867,2011.4612,-8.89
868,2011.475,4.99
869,2011.4884,2.01
870,2011.5021,4.29
871,2011.5155,-6.09
872,2011.5294,9.39
873,2011.5427,13.51
874,2011.5563,25.69
875,2011.5698,16.61
876,2011.5835,24.39
877,2011.5971,19.11
878,2011.6107,31.39
879,2011.6242,34.41
880,2011.638,48.79
881,2011.6512,50.11
882,2011.6651,52.19
883,2011.6782,51.01
884,2011.6922,56.89
885,2011.7056,64.01
886,2011.7193,63.99
887,2011.7323,49.01
888,2011.7464,55.99
889,2011.7596,70.21
890,2011.7735,68.39
891,2011.7871,74.41
892,2011.8007,86.39
893,2011.8141,76.61
894,2011.8274,68.79
895,2011.8415,61.41
896,2011.855,52.19
897,2011.8685,49.11
898,2011.8822,46.29
899,2011.8957,41.61
900,2011.9094,46.39
901,2011.9224,49.91
902,2011.936,51.99
903,2011.95,49.91
904,2011.9638,40.89
905,2011.977,35.11
906,2011.9905,26.39
907,2012.0042,26.81
908,2012.018,20.09
909,2012.0313,12.61
910,2012.045,12.19
911,2012.0584,10.91
912,2012.0722,-2.01
913,2012.085,-1.19
914,2012.0993,0.39
915,2012.1123,0.71
916,2012.1265,-9.51
917,2012.1273,10.41
918,2012.1536,-23.91
919,2012.1672,-42.19
920,2012.1808,-20.31
921,2012.2079,-15.71
922,2012.2352,-18.81
923,2012.2623,-17.01
924,2012.2894,-17.61
925,2012.3166,-19.71
926,2012.3435,-14.81
927,2012.3643,-2.69
928,2012.3709,4.19
929,2012.3939,-3.79
930,2012.398,2.09
931,2012.4234,-7.59
932,2012.425,4.19
933,2012.4522,7.89
934,2012.4536,-3.19
935,2012.4739,22.81
936,2012.4794,26.69
937,2012.4941,24.31
938,2012.5067,30.49
939,2012.5241,26.11
940,2012.5339,37.89
941,2012.554,39.71
942,2012.5609,45.39
943,2012.5836,55.31
944,2012.5879,62.29
945,2012.6042,56.11
946,2012.6153,69.59
947,2012.6246,74.51
948,2012.6423,92.89
949,2012.6548,89.21
950,2012.6695,96.39
951,2012.6842,89.71
952,2012.6966,91.69
953,2012.7142,96.61
954,2012.7238,89.69
955,2012.7342,80.31
956,2012.751,97.29
957,2012.7549,99.61
958,2012.778,99.59
959,2012.7845,91.91
960,2012.8051,103.09
961,2012.8147,90.31
962,2012.8324,93.59
963,2012.835,91.81
964,2012.8553,81.61
965,2012.8594,78.79
966,2012.8853,60.91
967,2012.8866,60.29
968,2012.9137,59.09
969,2012.9148,58.31
970,2012.9407,45.59
971,2012.9444,39.91
972,2012.9652,33.21
973,2012.9683,37.19
974,2012.9858,28.01
975,2012.9951,25.19
976,2013.0154,23.21
977,2013.0222,21.89
978,2013.0448,18.51
979,2013.0494,14.29
980,2013.0751,19.91
981,2013.0769,15.19
982,2013.0955,16.51
983,2013.104,16.79
984,2013.1157,-4.89
985,2013.1309,-15.11
986,2013.1456,-24.19
987,2013.1582,-21.11
988,2013.162,-41.39
989,2013.1852,-22.81
990,2013.2123,-29.41
991,2013.2161,-24.09
992,2013.2259,-34.59
993,2013.2357,-1.71
994,2013.2464,-27.09
995,2013.2709,-39.71
996,2013.2757,-50.99
997,2013.2941,-27.01
998,2013.3057,-25.89
999,2013.321,-19.41
1000,2013.3263,-27.79
1001,2013.3467,-12.09
1002,2013.3481,-5.11
1003,2013.3754,-8.11
1004,2013.3765,-9.19
1005,2013.4025,-20.81
1006,2013.4063,-25.69
1007,2013.4296,-14.81
1008,2013.4361,-19.09
1009,2013.4567,1.9500000000000002
1010,2013.466,-1.99
1011,2013.4839,12.49
1012,2013.5111,40.09
1013,2013.5383,51.79
1014,2013.5655,43.49
1015,2013.5926,57.59
1016,2013.6196,72.79
1017,2013.6468,78.69
1018,2013.6697,82.79
1019,2013.7076,79.79
1020,2013.7283,78.89
1021,2013.7553,80.89
1022,2013.7826,89.09
1023,2013.8096,78.99
1024,2013.8369,99.09
1025,2013.8639,75.99
1026,2013.8912,70.09
1027,2013.9181,60.79
1028,2013.9452,61.19
1029,2013.9724,50.49
1030,2013.9993,31.79
1031,2014.0273,28.39
1032,2014.0539,17.49
1033,2014.0813,4.19
1034,2014.1083,-12.71
1035,2014.1358,-15.71
1036,2014.1625,-12.21
1037,2014.1899,-28.21
1038,2014.2171,-31.41
1039,2014.2444,-37.11
1040,2014.2711,-32.31
1041,2014.2984,-21.01
1042,2014.3255,-24.11
1043,2014.3527,0.49
1044,2014.3798,-10.11
1045,2014.407,-7.51
1046,2014.4341,-8.81
1047,2014.4612,17.39
1048,2014.4884,31.49
1049,2014.5155,39.79
1050,2014.5427,38.39
1051,2014.5699,51.59
1052,2014.597,65.29
1053,2014.6242,64.49
1054,2014.6514,72.69
1055,2014.6782,84.19
1056,2014.7055,87.09
1057,2014.7329,88.39
1058,2014.76,87.99
1059,2014.7871,77.99
1060,2014.8141,82.19
1061,2014.8413,74.69
1062,2014.8685,82.69
1063,2014.8956,69.99
1064,2014.9225,77.49
1065,2014.9501,58.69
1066,2014.9782,35.09
1067,2015.0041,26.19
1068,2015.0313,25.29
1069,2015.0586,21.29
1070,2015.0855,20.69
1071,2015.1126,1.39
1072,2015.1402,11.79
1073,2015.167,0.09
1074,2015.1943,1.49
1075,2015.2214,-5.91
1076,2015.2487,-12.21
1077,2015.2756,-13.21
1078,2015.303,-10.61
1079,2015.33,-7.61
1080,2015.3571,-2.41
1081,2015.3842,-3.01
1082,2015.4114,10.69
1083,2015.4385,5.99
1084,2015.4656,18.19
1085,2015.493,36.59
1086,2015.52,44.49
1087,2015.5471,58.49
1088,2015.5743,60.79
1089,2015.6014,78.59
1090,2015.6286,86.69
1091,2015.6557,93.29
1092,2015.6829,97.79
1093,2015.7101,96.09
1094,2015.7372,96.29
1095,2015.7643,112.29
1096,2015.7915,104.79
1097,2015.8185,100.29
1098,2015.8458,82.19
1099,2015.873,80.99
1100,2015.9002,75.49
1101,2015.9273,75.09
1102,2015.954,58.09
1103,2015.9815,55.99
1104,2016.0085,40.89
1105,2016.0359,30.99
1106,2016.0629,29.99
1107,2016.0902,37.19
1108,2016.1175,14.69
1109,2016.1231,13.28
1110,2016.1444,13.535
1111,2016.1714,9.685
1112,2016.1965,-9.32
1113,2016.1986,-14.91
1114,2016.2257,-17.41
1115,2016.2258,-12.02
1116,2016.252,-9.21
1117,2016.2529,-4.42
1118,2016.2803,-4.415
1119,2016.3072,12.79
1120,2016.3073,18.48
1121,2016.3344,22.18
1122,2016.3345,17.79
1123,2016.3617,22.68
1124,2016.3618,18.19
1125,2016.3888,9.885
1126,2016.4159,-0.265
1127,2016.4432,18.69
1128,2016.4433,20.18
1129,2016.4703,33.385
1130,2016.4974,43.79
1131,2016.4975,44.38
1132,2016.5246,49.035
1133,2016.5517,71.885
1134,2016.5787,74.59
1135,2016.5788,72.18
1136,2016.6061,82.685
1137,2016.6331,85.19
1138,2016.6332,85.18
1139,2016.6602,96.935
1140,2016.6874,102.08
1141,2016.6875,96.19
1142,2016.7145,111.98
1143,2016.7146,108.09
1144,2016.7416,116.28
1145,2016.7417,109.49
1146,2016.7688,111.98
1147,2016.7906,99.29
1148,2016.796,101.88
1149,2016.8093,104.39
1150,2016.8232,116.38
1151,2016.8365,111.49
1152,2016.8504,105.88
1153,2016.8638,89.29
1154,2016.8774,91.78
1155,2016.8909,83.49
1156,2016.9045,82.48
1157,2016.918,72.29
1158,2016.9303,79.58
1159,2016.9449,79.49
1160,2016.9586,87.78
1161,2016.9722,76.59
1162,2016.9862,66.58
1163,2016.9994,58.99
1164,2017.013,53.48
1165,2017.0265,50.39
1166,2017.0403,41.58
1167,2017.0536,30.89
1168,2017.0675,29.28
1169,2017.0807,23.59
1170,2017.0943,22.38
1171,2017.1079,9.59
1172,2017.1218,13.08
1173,2017.1352,13.39
1174,2017.1486,22.98
1175,2017.1622,11.39
1176,2017.1761,12.58
1177,2017.1893,-1.21
1178,2017.2033,2.18
1179,2017.2038,-2.31
1180,2017.2302,5.88
1181,2017.2507,-1.61
1182,2017.2576,11.78
1183,2017.2708,16.09
1184,2017.2846,18.08
1185,2017.2981,21.59
1186,2017.3119,17.68
1187,2017.3252,8.39
1188,2017.339,10.58
1189,2017.3526,9.79
1190,2017.3662,20.68
1191,2017.3712,11.89
1192,2017.3932,25.38
1193,2017.4204,23.78
1194,2017.4478,34.38
1195,2017.4747,45.08
1196,2017.5019,60.68
1197,2017.529,70.28
1198,2017.5561,59.98
1199,2017.5834,87.78
1200,2017.6104,91.08
1201,2017.6377,94.38
1202,2017.6647,102.68
1203,2017.6919,122.08
1204,2017.719,125.48
1205,2017.7463,118.48
1206,2017.7733,119.48
1207,2017.8005,111.58
1208,2017.8277,95.48
1209,2017.8549,109.68
1210,2017.8819,108.38
1211,2017.9091,90.78
1212,2017.9362,85.88
1213,2017.9635,79.68
1214,2017.9905,77.78
1215,2018.0178,71.98
1216,2018.0447,71.08
1217,2018.0719,54.58
1218,2018.0989,55.38
1219,2018.1261,42.58
1220,2018.1533,17.78
1221,2018.1807,8.78
1222,2018.2077,5.18
1223,2018.2347,18.68
1224,2018.2618,16.08
1225,2018.2892,8.48
1226,2018.3162,-2.12
1227,2018.3434,14.88
1228,2018.3705,30.48
1229,2018.3977,33.38
1230,2018.425,32.18
1231,2018.4521,21.18
1232,2018.4791,41.68
1233,2018.5064,58.08
1234,2018.5336,56.88
1235,2018.5606,74.18
1236,2018.5877,94.88
1237,2018.6149,91.68
1238,2018.6421,100.98
1239,2018.6692,119.18
1240,2018.6964,141.68
1241,2018.7236,138.68
1242,2018.7506,125.88
1243,2018.7779,122.28
1244,2018.805,118.78
1245,2018.832,116.98
1246,2018.8593,116.28
1247,2018.8869,111.38
1248,2018.9137,109.58
1249,2018.9405,81.58
1250,2018.9679,64.68
1251,2018.9949,65.18
1252,2019.0222,49.08
1253,2019.0491,56.78
1254,2019.0762,43.28
1255,2019.1037,34.88
1256,2019.1304,35.18
1257,2019.1467,37.38
1258,2019.1879,22.98
1259,2019.2122,16.58
1260,2019.2393,27.58
1261,2019.2607,24.88
1262,2019.2936,20.78
1263,2019.3208,25.38
1264,2019.3479,33.08
1265,2019.3751,37.58
1266,2019.4022,38.98
1267,2019.4293,42.08
1268,2019.4565,43.48
1269,2019.4836,52.78
1270,2019.5108,70.58
1271,2019.538,73.78
1272,2019.5652,93.88
1273,2019.5923,88.28
1274,2019.6194,97.38
1275,2019.6466,108.28
1276,2019.6737,114.48
1277,2019.7009,114.98
1278,2019.728,130.18
1279,2019.7552,135.68
1280,2019.7823,135.88
1281,2019.8094,123.78
1282,2019.8366,120.68
1283,2019.8639,121.68
1284,2019.8911,118.88
1285,2019.918,105.98
1286,2019.9448,84.18
1287,2019.9724,74.98
1288,2019.9993,71.88
1289,2020.0265,78.88
1290,2020.0536,69.28
1291,2020.0753,52.68
1292,2020.1119,48.88
1293,2020.1356,43.88
1294,2020.1624,35.98
1295,2020.1897,38.08
1296,2020.2166,28.08
1297,2020.244,23.18
1298,2020.271,17.38
1299,2020.2981,20.08
1300,2020.3252,17.98
1301,2020.3525,10.78
1302,2020.3795,3.68
1303,2020.4066,49.38
1304,2020.4339,49.28
1305,2020.4605,42.18
1306,2020.4882,59.28
1307,2020.5153,63.28
1308,2020.5425,81.78
1309,2020.5696,90.68
1310,2020.5967,109.18
1311,2020.624,102.48
1312,2020.651,111.58
1313,2020.6783,127.88
1314,2020.7054,125.28
1315,2020.7326,120.28
1316,2020.7596,121.58
1317,2020.7867,119.28
1318,2020.8116,125.08
1319,2020.8417,115.18
1320,2020.8683,133.38
1321,2020.8952,116.68
1322,2020.9225,101.68
1323,2020.9495,85.28
1324,2020.9767,90.48
1325,2020.9768,93.44
1326,2021.0041,70.81
1327,2021.0308,59.74
1328,2021.031,58.08
1329,2021.0582,62.64
1330,2021.0583,60.88
1331,2021.0855,52.78
1332,2021.0856,55.34
1333,2021.1124,43.58
1334,2021.1126,46.84
1335,2021.1395,38.51
1336,2021.1663,20.14
1337,2021.1669,17.48
1338,2021.194,18.71
1339,2021.2211,12.28
1340,2021.2224,12.74
1341,2021.2484,15.86
1342,2021.2755,30.71
1343,2021.3019,34.28
1344,2021.3025,33.04
1345,2021.3297,30.58
1346,2021.3309,27.44
1347,2021.3569,32.41
1348,2021.384,28.28
1349,2021.3841,29.64
1350,2021.4111,32.86
1351,2021.4383,59.16
1352,2021.4656,66.68
1353,2021.4658,65.64
1354,2021.4926,49.96
1355,2021.5198,66.21000000000001
1356,2021.5469,85.26
1357,2021.5741,100.91
1358,2021.6012,111.75999999999999
1359,2021.6284,109.66
1360,2021.6555,112.91
1361,2021.6826,112.96000000000001
1362,2021.7098,123.38
1363,2021.7101,123.94
1364,2021.7369,132.04
1365,2021.737,132.98
1366,2021.764,150.04
1367,2021.7641,149.38
1368,2021.7912,152.31
1369,2021.8184,150.51
1370,2021.8454,132.70999999999998
1371,2021.8728,133.76
1372,2021.8998,119.81
1373,2021.9269,99.11
1374,2021.9544,109.91
1375,2021.9813,89.38
1376,2021.9814,92.94
1377,2022.008,89.11
1378,2022.0358,76.51
1379,2022.0627,59.64
1380,2022.0629,58.08
1381,2022.0897,61.36
1382,2022.1172,42.88
1383,2022.1175,46.14
1384,2022.1436,49.61
1385,2022.1713,33.26
1386,2022.1984,25.66
1387,2022.2257,23.06
1388,2022.2528,12.21
1389,2022.28,20.04
1390,2022.3072,24.64
1391,2022.3201,-2.52
1392,2022.3343,13.24
1393,2022.3395,19.18
1394,2022.3615,50.54
1395,2022.3667,56.28
1396,2022.3884,43.84
1397,2022.3938,43.18
1398,2022.4156,49.64
1399,2022.4209,53.68
1400,2022.4428,65.94
1401,2022.4481,74.88
1402,2022.47,79.24
1403,2022.4753,80.78
1404,2022.4971,66.84
1405,2022.5024,77.78
1406,2022.5244,80.74
1407,2022.5295,89.88
1408,2022.5515,98.14
1409,2022.5567,103.98
1410,2022.5786,110.34
1411,2022.5839,114.18
1412,2022.6056,106.94
1413,2022.6109,109.78
1414,2022.6329,114.94
1415,2022.6381,111.68
1416,2022.66,111.04
1417,2022.6653,117.18
1418,2022.687,134.74
1419,2022.6925,141.48
1420,2022.7143,142.24
1421,2022.7196,144.08
1422,2022.7416,146.54
1423,2022.7468,144.88
1424,2022.7686,145.44
1425,2022.7738,141.78
1426,2022.7957,140.34
1427,2022.801,138.48
1428,2022.8229,138.44
1429,2022.8282,139.68
1430,2022.8502,141.54
1431,2022.8555,137.98
1432,2022.8772,148.24
1433,2022.8824,144.88
1434,2022.9046,129.34
1435,2022.9098,127.18
1436,2022.9313,112.14
1437,2022.936,107.28
1438,2022.9586,115.44
1439,2022.9637,110.98
1440,2022.9858,88.04
1441,2022.9909,85.68
1442,2023.0129,91.54
1443,2023.0179,90.08
1444,2023.04,80.54
1445,2023.0453,76.28
1446,2023.0673,70.14
1447,2023.0724,67.28
1448,2023.0943,69.74
1449,2023.0996,64.58
1450,2023.1215,52.84
1451,2023.1266,45.08
1452,2023.1481,27.54
1453,2023.1535,28.38
1454,2023.1761,49.04
1455,2023.1811,55.68
1456,2023.203,43.84
1457,2023.2082,41.88
1458,2023.23,28.14
1459,2023.2354,30.58
1460,2023.2572,52.74
1461,2023.2626,45.88
1462,2023.2845,36.94
1463,2023.2896,35.48
1464,2023.3115,38.54
1465,2023.3168,44.68
1466,2023.3388,36.54
1467,2023.3439,36.58
1468,2023.3658,38.64
1469,2023.3711,40.68
1470,2023.3929,46.74
1471,2023.3983,42.88
1472,2023.4201,55.04
1473,2023.4254,52.78
1474,2023.4473,60.34
1475,2023.4526,63.78
1476,2023.4746,72.14
1477,2023.4798,73.88
1478,2023.5015,90.04
1479,2023.5069,90.68
1480,2023.5287,97.84
1481,2023.534,98.18
1482,2023.556,88.14
1483,2023.5613,89.38
1484,2023.5829,100.14
1485,2023.5882,109.78
1486,2023.6102,117.24
1487,2023.6154,118.48
1488,2023.6375,111.34
1489,2023.6426,116.18
1490,2023.6643,133.14
1491,2023.6698,130.58
1492,2023.6916,131.04
1493,2023.6968,135.98
1494,2023.7188,140.44
1495,2023.7241,140.98
1496,2023.746,149.84
1497,2023.7513,143.98
1498,2023.7731,154.94
1499,2023.7784,151.58
1500,2023.8002,140.64
1501,2023.8056,134.78
1502,2023.8273,150.54
1503,2023.8324,153.18
1504,2023.8545,138.94
1505,2023.86,131.88
1506,2023.8816,117.94
1507,2023.887,115.78
1508,2023.9088,105.04
1509,2023.914,102.08
1510,2023.9361,101.04
1511,2023.9414,100.98
1512,2023.9631,109.74
1513,2023.9684,107.28
1514,2023.9901,100.94
1515,2023.9956,98.78
1516,2024.0174,97.14
1517,2024.0227,94.98
1518,2024.0443,74.64
1519,2024.0496,69.38
1520,2024.0718,63.54
1521,2024.077,64.38
1522,2024.0988,63.64
1523,2024.1041,57.58
1524,2024.1258,60.14
1525,2024.1309,65.68
1526,2024.1534,57.94
1527,2024.1586,52.38
1528,2024.1801,37.84
1529,2024.1854,37.08
1530,2024.2075,39.54
1531,2024.2127,33.88
1532,2024.2346,42.04
1533,2024.2399,39.88
1534,2024.2617,50.64
1535,2024.2671,39.58
1536,2024.2889,36.04
1537,2024.2941,34.68
1538,2024.316,27.34
1539,2024.3212,22.28
1540,2024.3431,14.64
1541,2024.3483,13.88
1542,2024.3703,25.24
1543,2024.3755,31.88
1544,2024.3976,42.64
1545,2024.4028,52.48
1546,2024.4247,54.04
1547,2024.4299,60.18
1548,2024.4519,49.14
1549,2024.4571,57.48
1550,2024.4788,55.04
1551,2024.4842,60.78
1552,2024.506,67.44
1553,2024.5115,70.38
1554,2024.5333,78.04
1555,2024.5385,81.48
1556,2024.5603,93.74
1557,2024.5656,106.78
1558,2024.5874,106.64
1559,2024.5928,112.38
1560,2024.6146,119.34
1561,2024.62,124.88
1562,2024.6418,125.04
1563,2024.647,126.28
1564,2024.669,143.14
1565,2024.6743,139.98
1566,2024.6961,152.14
1567,2024.7013,157.88
1568,2024.7233,156.14
1569,2024.7286,158.78
1570,2024.7505,149.74
1571,2024.7557,146.88
1572,2024.7775,147.54
1573,2024.7829,150.48
1574,2024.8047,141.84
1575,2024.81,142.68
1576,2024.8318,129.64
1577,2024.837,132.38
1578,2024.859,128.94
1579,2024.864,124.48
1580,2024.8861,123.84
1581,2024.8915,111.08
1582,2024.9133,109.44
1583,2024.9186,103.88
1584,2024.9405,100.04
1585,2024.9456,104.18
1586,2024.9676,100.84
1587,2024.9727,107.88
1588,2024.9948,96.34
1589,2025.0,95.88
1590,2025.02,91.28
1591,2025.0218,95.94
1592,2025.049,74.74
1593,2025.076,58.74
1594,2025.1033,59.04
1595,2025.1269,53.74
